{"cameraMode":{"drawMode":0,"name":"Shaded","section":"Shading Mode"},"sceneLighting":false,"audioPlay":false,"sceneViewState":{"showFog":true,"showMaterialUpdate":false,"showSkybox":true,"showFlares":true,"showImageEffects":true,"showParticleSystems":true},"in2DMode":false,"pivot":{"x":3.640000104904175,"y":1.1500000953674317,"z":36.41999816894531},"rotation":{"x":-0.2518802881240845,"y":0.07018256187438965,"z":-0.01831802912056446,"w":-0.9650363922119141},"size":4.041658401489258,"orthographic":false}