{"cameraMode":{"drawMode":0,"name":"Shaded","section":"Shading Mode"},"sceneLighting":true,"audioPlay":false,"sceneViewState":{"showFog":true,"showMaterialUpdate":false,"showSkybox":true,"showFlares":true,"showImageEffects":true,"showParticleSystems":true},"in2DMode":false,"pivot":{"x":-6.453104019165039,"y":0.8100156784057617,"z":-0.8247597217559815},"rotation":{"x":0.06855276226997376,"y":-0.7819804549217224,"z":0.087403804063797,"w":0.6133251786231995},"size":19.929826736450197,"orthographic":false}