{"cameraMode":{"drawMode":0,"name":"Shaded","section":"Shading Mode"},"sceneLighting":false,"audioPlay":false,"sceneViewState":{"showFog":true,"showMaterialUpdate":false,"showSkybox":true,"showFlares":true,"showImageEffects":true,"showParticleSystems":true},"in2DMode":false,"pivot":{"x":-0.24000000953674317,"y":0.8500000238418579,"z":1.7100000381469727},"rotation":{"x":-0.03928235173225403,"y":0.9589711427688599,"z":-0.22586235404014588,"w":-0.16678565740585328},"size":0.43334487080574038,"orthographic":false}