{"cameraMode":{"drawMode":0,"name":"Shaded","section":"Shading Mode"},"sceneLighting":false,"audioPlay":false,"sceneViewState":{"showFog":true,"showMaterialUpdate":false,"showSkybox":true,"showFlares":true,"showImageEffects":true,"showParticleSystems":true},"in2DMode":false,"pivot":{"x":2.7018253803253176,"y":4.068201065063477,"z":30.19300079345703},"rotation":{"x":-0.12150511145591736,"y":0.0080373864620924,"z":-0.0009838709374889732,"w":-0.9925578236579895},"size":2.8578836917877199,"orthographic":false}